sent1qd5cvs4tel4a5zzgq2qgsmvyfzp7ytpx3fhzfs,861721ibc/B1C0DDB14F25279A2026BC8794E12B259F8BDA546A3C5132CCAEE4431CE36783
sent1qsk66jfz02x9r6433xdj5ptkpfp07ytkwx8utv,277920520ibc/B1C0DDB14F25279A2026BC8794E12B259F8BDA546A3C5132CCAEE4431CE36783
sent1qnzmvlkfphtye6kycctadyjmyjhz4yn4mpap6j,172344192ibc/B1C0DDB14F25279A2026BC8794E12B259F8BDA546A3C5132CCAEE4431CE36783
sent1quva893f8euhgsatey26s2ck82umtpq4pt6t85,12558721ibc/B1C0DDB14F25279A2026BC8794E12B259F8BDA546A3C5132CCAEE4431CE36783
sent1prqrer7757gty3djewnup9283e3ktnl0z5vpn3,1280517ibc/B1C0DDB14F25279A2026BC8794E12B259F8BDA546A3C5132CCAEE4431CE36783
sent1pkveqqkmzsu0lw9206ju7rtzkevayvu4jdsles,346411826ibc/B1C0DDB14F25279A2026BC8794E12B259F8BDA546A3C5132CCAEE4431CE36783
sent1penq5h8xxcuwjhnwvj5d7y98z64nx8ssj2mzj7,549889996ibc/B1C0DDB14F25279A2026BC8794E12B259F8BDA546A3C5132CCAEE4431CE36783
sent1zxhrnzlnr2y96rkude3m07pz04xug4eeraylcp,23955843ibc/B1C0DDB14F25279A2026BC8794E12B259F8BDA546A3C5132CCAEE4431CE36783
sent1zv0sfn4ttmnpmprdjmweeszwex77qgx57haleg,90480701ibc/B1C0DDB14F25279A2026BC8794E12B259F8BDA546A3C5132CCAEE4431CE36783
sent1zdx5xzs79tmv6vu2x3684l5q3jym8k67upaam4,89705152ibc/B1C0DDB14F25279A2026BC8794E12B259F8BDA546A3C5132CCAEE4431CE36783
sent1r0mjrsjfprau9rwwxe04hkzfud696n3xmp8vxr,1734023851ibc/B1C0DDB14F25279A2026BC8794E12B259F8BDA546A3C5132CCAEE4431CE36783
sent1rksdun4z9k54p94hepn3gden99728xwae2pr0q,301905661ibc/B1C0DDB14F25279A2026BC8794E12B259F8BDA546A3C5132CCAEE4431CE36783
sent1y4mathf6xqn6g4mcykprrwczxld9pqxu7f0v4e,6894ibc/B1C0DDB14F25279A2026BC8794E12B259F8BDA546A3C5132CCAEE4431CE36783
sent1yapj782cpsx9u2nd4fv7yvqrumv9jlzrdlv7dl,639159117ibc/B1C0DDB14F25279A2026BC8794E12B259F8BDA546A3C5132CCAEE4431CE36783
sent1997n6vwgu3l250ltam0raut07970cumjmz2tzt,263912383ibc/B1C0DDB14F25279A2026BC8794E12B259F8BDA546A3C5132CCAEE4431CE36783
sent190sxcnekasqluvc7a6gx5ykguq70jkd5hly77t,3611610415ibc/B1C0DDB14F25279A2026BC8794E12B259F8BDA546A3C5132CCAEE4431CE36783
sent1xcqt9tu9q9jzculqrryzp3v472336vlfu509j6,17234419ibc/B1C0DDB14F25279A2026BC8794E12B259F8BDA546A3C5132CCAEE4431CE36783
sent1x62vpe4eqtmfwfv2j94hnwv40nryl36kv7nxp0,332922446ibc/B1C0DDB14F25279A2026BC8794E12B259F8BDA546A3C5132CCAEE4431CE36783
sent1863dv4gnx9uq0ehjv4835ewhfg0uklpmvdm08n,13787535ibc/B1C0DDB14F25279A2026BC8794E12B259F8BDA546A3C5132CCAEE4431CE36783
sent1gg5xw45tkzy2maepr4uf3kafat9ue45d6zvmxx,172344ibc/B1C0DDB14F25279A2026BC8794E12B259F8BDA546A3C5132CCAEE4431CE36783
sent1f8l97avty8h3q0krygez8clly3drfkq9memdun,8531037ibc/B1C0DDB14F25279A2026BC8794E12B259F8BDA546A3C5132CCAEE4431CE36783
sent1f44ackqlt03ud4064sq7apuhtqlllv2hxhsr90,67838121ibc/B1C0DDB14F25279A2026BC8794E12B259F8BDA546A3C5132CCAEE4431CE36783
sent1fhl3mweztg6frpc06v0vjtf53ewfdtstnvkv6g,81002ibc/B1C0DDB14F25279A2026BC8794E12B259F8BDA546A3C5132CCAEE4431CE36783
sent1f7653xmmtk6c5ph8va37juwfzxdfcfw002xr7w,861720959ibc/B1C0DDB14F25279A2026BC8794E12B259F8BDA546A3C5132CCAEE4431CE36783
sent12gjmwyxwpuzjkqktmkpeqlp354d2fxn7qn6kav,699503712ibc/B1C0DDB14F25279A2026BC8794E12B259F8BDA546A3C5132CCAEE4431CE36783
sent12h9vlv8h5358p2d0sfgczt0wugvde8tnq6j5m7,20734730ibc/B1C0DDB14F25279A2026BC8794E12B259F8BDA546A3C5132CCAEE4431CE36783
sent1tp0390jp407aduzj5za3txzftnmp3m8cg4g5c9,2732713633ibc/B1C0DDB14F25279A2026BC8794E12B259F8BDA546A3C5132CCAEE4431CE36783
sent1tg35xn6jf3h65q40eaymqy45gwtu0rnft09k28,796802349ibc/B1C0DDB14F25279A2026BC8794E12B259F8BDA546A3C5132CCAEE4431CE36783
sent1vqfcl8mx9fkunwse5f3ydqqkr60xz9gpn5yqu0,1120237ibc/B1C0DDB14F25279A2026BC8794E12B259F8BDA546A3C5132CCAEE4431CE36783
sent1vx0z6c7r2qaa66enxq9qvlkw45fqvqy8033728,25852ibc/B1C0DDB14F25279A2026BC8794E12B259F8BDA546A3C5132CCAEE4431CE36783
sent1v29hdduch7t2c62p80hsnge6hunyvj056r8x8z,31637223ibc/B1C0DDB14F25279A2026BC8794E12B259F8BDA546A3C5132CCAEE4431CE36783
sent1vwtr4k00w936uutgpek57vl90vp88vmzjvnzua,265496226ibc/B1C0DDB14F25279A2026BC8794E12B259F8BDA546A3C5132CCAEE4431CE36783
sent1vjn838z923hgaws0nuqwjzynhgrzn9rrdcg35r,3447ibc/B1C0DDB14F25279A2026BC8794E12B259F8BDA546A3C5132CCAEE4431CE36783
sent1vnlhfv6pn3s95vt794avgg5zsz4jegc9qvzjlp,464433128ibc/B1C0DDB14F25279A2026BC8794E12B259F8BDA546A3C5132CCAEE4431CE36783
sent1vkunguxa9ek7zfndlztv55xhgagx2246wxmjjp,344688384ibc/B1C0DDB14F25279A2026BC8794E12B259F8BDA546A3C5132CCAEE4431CE36783
sent1vl93j77mwxsm8kjh2a7060xgay5dfrvmyxs092,186726315ibc/B1C0DDB14F25279A2026BC8794E12B259F8BDA546A3C5132CCAEE4431CE36783
sent1ds8fc5dkvpxwudgqsezhwvmj4u5dnjx5rtk3wm,855382140ibc/B1C0DDB14F25279A2026BC8794E12B259F8BDA546A3C5132CCAEE4431CE36783
sent1w25tyg0ghmsdzcuufep3lfxe6t8puv89yl265x,56422042ibc/B1C0DDB14F25279A2026BC8794E12B259F8BDA546A3C5132CCAEE4431CE36783
sent1w4cyhw4t3j39ckasp36kmqqevh7ta8su8kgm0g,1349455ibc/B1C0DDB14F25279A2026BC8794E12B259F8BDA546A3C5132CCAEE4431CE36783
sent10gvh4rjjx9aktjmzn20e06alzscg8n7mqwq69l,17598065ibc/B1C0DDB14F25279A2026BC8794E12B259F8BDA546A3C5132CCAEE4431CE36783
sent10wu6j5qr0wk929k02j08rukmn0smnurtwmv8fl,49318014ibc/B1C0DDB14F25279A2026BC8794E12B259F8BDA546A3C5132CCAEE4431CE36783
sent107hufl8hjy5pe6wr582wncjlt3yxssja224729,344688384ibc/B1C0DDB14F25279A2026BC8794E12B259F8BDA546A3C5132CCAEE4431CE36783
sent1szavj80p69sth5mn8hn7ed5g44ccr8ha94ty26,41088579ibc/B1C0DDB14F25279A2026BC8794E12B259F8BDA546A3C5132CCAEE4431CE36783
sent1sywqmssxxgvw5544effpqw6mn9xzdn3cn2xu5n,585430815ibc/B1C0DDB14F25279A2026BC8794E12B259F8BDA546A3C5132CCAEE4431CE36783
sent134ap4wu0v7rjduktvv2h7jsvh2eqprngp0swsc,6754169ibc/B1C0DDB14F25279A2026BC8794E12B259F8BDA546A3C5132CCAEE4431CE36783
sent136gtx8m238907x02rnhxpwkwvwn0hpvhv8e3dy,1159876ibc/B1C0DDB14F25279A2026BC8794E12B259F8BDA546A3C5132CCAEE4431CE36783
sent1jhezgk6vke9q30yqd88nvza634lzl0twzw3tgd,60146399ibc/B1C0DDB14F25279A2026BC8794E12B259F8BDA546A3C5132CCAEE4431CE36783
sent1nes3mlsmmu29prtehkwxg2wgtfs274jgpza0nj,5195643116ibc/B1C0DDB14F25279A2026BC8794E12B259F8BDA546A3C5132CCAEE4431CE36783
sent15f46k58ca87cj7844rgz4z47axpksq96rh0p07,52030712ibc/B1C0DDB14F25279A2026BC8794E12B259F8BDA546A3C5132CCAEE4431CE36783
sent15wny3ck5n92202c827n2cpuhv58nutgj3tlkfa,4772211ibc/B1C0DDB14F25279A2026BC8794E12B259F8BDA546A3C5132CCAEE4431CE36783
sent15a0qx0duvqcse6wcq3ajlsfk084nm35jlhvn6h,94789305ibc/B1C0DDB14F25279A2026BC8794E12B259F8BDA546A3C5132CCAEE4431CE36783
sent1kvww4dwq6t5fulsz0d8c3wmxyzwfrfk3u4cy6y,1723442ibc/B1C0DDB14F25279A2026BC8794E12B259F8BDA546A3C5132CCAEE4431CE36783
sent1kwwp7f5pszyxr39whf2rwm7gly596mdwvqe3na,40440565ibc/B1C0DDB14F25279A2026BC8794E12B259F8BDA546A3C5132CCAEE4431CE36783
sent1kuk36gvqzlp2xx308khwxsk67wgk05nm8r3fzm,15978030ibc/B1C0DDB14F25279A2026BC8794E12B259F8BDA546A3C5132CCAEE4431CE36783
sent1hfkgxzrkhxdxdwjy8d74jhc4dcw5e9zm7vfzh4,18008245ibc/B1C0DDB14F25279A2026BC8794E12B259F8BDA546A3C5132CCAEE4431CE36783
sent1h0cyspv369v4wlr4kkg0fev74r2ehqs2rynz8q,49979816ibc/B1C0DDB14F25279A2026BC8794E12B259F8BDA546A3C5132CCAEE4431CE36783
sent1ezqhcj04yv3trlj93k5nvqdf6sh7ux9l0vangz,4785136485ibc/B1C0DDB14F25279A2026BC8794E12B259F8BDA546A3C5132CCAEE4431CE36783
sent1e9ypey89gw0vslgpx6t57sylxeu6s8zsnmja98,51703258ibc/B1C0DDB14F25279A2026BC8794E12B259F8BDA546A3C5132CCAEE4431CE36783
sent1e8dk2324fh7dt4lt7e4fukm8edmj0f2hj6t4w5,10089029ibc/B1C0DDB14F25279A2026BC8794E12B259F8BDA546A3C5132CCAEE4431CE36783
sent1ec4j7yw9kz4dskjctj25jp2zkv7694pugxyh7l,24707263ibc/B1C0DDB14F25279A2026BC8794E12B259F8BDA546A3C5132CCAEE4431CE36783
sent16nyhy0kzky9llr94nje0t944g04ldse0f60h42,57519874ibc/B1C0DDB14F25279A2026BC8794E12B259F8BDA546A3C5132CCAEE4431CE36783
sent16mq9lwkz5mu7n45z5ecdtawp37lhcf6cfs4wt5,171268764ibc/B1C0DDB14F25279A2026BC8794E12B259F8BDA546A3C5132CCAEE4431CE36783
sent16m5pj85dq9xsma000lugxrcqlfrz0xmnwjsutl,8617210ibc/B1C0DDB14F25279A2026BC8794E12B259F8BDA546A3C5132CCAEE4431CE36783
sent1md56l4zt95f0lve0uur3np49cr58d5u8sewk5s,60987439ibc/B1C0DDB14F25279A2026BC8794E12B259F8BDA546A3C5132CCAEE4431CE36783
sent1u2g5c2glkect6xdfaqh6agf0e3n7mvd8hxxf74,120640934ibc/B1C0DDB14F25279A2026BC8794E12B259F8BDA546A3C5132CCAEE4431CE36783
sent1uvay4nxlvy4uud25dcvdmruhl4n0zg0dh5xej9,6893768ibc/B1C0DDB14F25279A2026BC8794E12B259F8BDA546A3C5132CCAEE4431CE36783
sent1atyqhztej74h8sfwhc3v2rt78z64cq789mzgkp,74773251ibc/B1C0DDB14F25279A2026BC8794E12B259F8BDA546A3C5132CCAEE4431CE36783
sent1asdxd8v5adf2lyeyh2rygu4h9j68ffr837d2se,15042201ibc/B1C0DDB14F25279A2026BC8794E12B259F8BDA546A3C5132CCAEE4431CE36783
sent1a7ma2jphu5jf9pwl84yyrqpacum0z28p0tqw6q,434072975ibc/B1C0DDB14F25279A2026BC8794E12B259F8BDA546A3C5132CCAEE4431CE36783
sent17xquhkcu2r99zucp5cvs0a3ewdwa92m8weh2nq,172344ibc/B1C0DDB14F25279A2026BC8794E12B259F8BDA546A3C5132CCAEE4431CE36783
sent1lfg492xhnde2dpxxmmaa23x52d8yywpgxqfzwn,1723441918ibc/B1C0DDB14F25279A2026BC8794E12B259F8BDA546A3C5132CCAEE4431CE36783
